INSERT INTO student (id, name, kana_name, nickname, email, area, age, sex, remark, is_deleted) VALUES
('aaaaaaaa-0000-0000-0000-000000000001', '山田 太郎', 'ヤマダ タロウ', 'タロウタロウタ', 'taro@example.com', '東京都', 28, '男', NULL, 0),
('aaaaaaaa-0000-0000-0000-000000000002', '佐藤 花子', 'サトウ ハナコ', 'ハナ', 'hanako@example.com', '大阪府', 32, '女', NULL, 0),
('aaaaaaaa-0000-0000-0000-000000000003', '鈴木 一郎', 'スズキ イチロウ', 'イチロウ', 'ichiro@example.com', '京都府', 25, '男', NULL, 0),
('aaaaaaaa-0000-0000-0000-000000000004', '田中 美穂', 'タナカ ミホ', 'ミホ', 'miho@example.com', '東京都', 29, '女', NULL, 0),
('aaaaaaaa-0000-0000-0000-000000000005', '高橋 俊介', 'タカハシ シュンスケ', 'シュンスケ', 'shunsuke@example.com', '愛知県', 26, '男', NULL, 0),
('aaaaaaaa-0000-0000-0000-000000000006', '二宮 二郎', 'ニノミヤ ジロウ', 'ジロウ', 'jiro@example.com', '神奈川県', 24, '男', NULL, 0),
('aaaaaaaa-0000-0000-0000-000000000007', '小林 美香', 'コバヤシ ミカ', 'ミカ', 'mika@example.com', '埼玉県', 27, '女', 'プログラミング経験あり', 0),
('aaaaaaaa-0000-0000-0000-000000000008', '無藤 健', 'ムトウ ケン', 'ケン', 'ken@example.com', '千葉県', 30, '男', NULL, 1);

INSERT INTO student_course (id, student_id, course_master_id, course_start_at, course_end_at) VALUES
('bbbbbbbb-0000-0000-0000-000000000001', 'aaaaaaaa-0000-0000-0000-000000000001', 'cccccccc-0000-0000-0000-000000000001', '2024-04-01 09:00:00', '2025-04-01 17:00:00'),
('bbbbbbbb-0000-0000-0000-000000000002', 'aaaaaaaa-0000-0000-0000-000000000002', 'cccccccc-0000-0000-0000-000000000002', '2024-05-01 09:00:00', '2025-05-01 17:00:00'),
('bbbbbbbb-0000-0000-0000-000000000003', 'aaaaaaaa-0000-0000-0000-000000000003', 'cccccccc-0000-0000-0000-000000000003', '2024-06-01 09:00:00', '2025-06-01 17:00:00'),
('bbbbbbbb-0000-0000-0000-000000000004', 'aaaaaaaa-0000-0000-0000-000000000004', 'cccccccc-0000-0000-0000-000000000001', '2024-07-01 09:00:00', '2025-07-01 17:00:00'),
('bbbbbbbb-0000-0000-0000-000000000005', 'aaaaaaaa-0000-0000-0000-000000000005', 'cccccccc-0000-0000-0000-000000000002', '2024-08-01 09:00:00', '2025-08-01 17:00:00'),
('bbbbbbbb-0000-0000-0000-000000000006', 'aaaaaaaa-0000-0000-0000-000000000006', 'cccccccc-0000-0000-0000-000000000001', '2024-09-01 09:00:00', '2025-09-01 17:00:00'),
('bbbbbbbb-0000-0000-0000-000000000007', 'aaaaaaaa-0000-0000-0000-000000000006', 'cccccccc-0000-0000-0000-000000000003', '2024-10-01 09:00:00', '2025-10-01 17:00:00'),
('bbbbbbbb-0000-0000-0000-000000000008', 'aaaaaaaa-0000-0000-0000-000000000007', 'cccccccc-0000-0000-0000-000000000002', '2024-11-01 09:00:00', '2025-11-01 17:00:00'),
('bbbbbbbb-0000-0000-0000-000000000009', 'aaaaaaaa-0000-0000-0000-000000000008', 'cccccccc-0000-0000-0000-000000000001', '2023-01-01 09:00:00', '2024-01-01 17:00:00'),
('bbbbbbbb-0000-0000-0000-000000000010', 'aaaaaaaa-0000-0000-0000-000000000005', 'cccccccc-0000-0000-0000-000000000003', '2021-12-29 12:34:56', '2022-10-31 13:52:46');

INSERT INTO course_application_status (id, student_course_id, status) VALUES
('dddddddd-0000-0000-0000-000000000001', 'bbbbbbbb-0000-0000-0000-000000000001', '受講中'),
('dddddddd-0000-0000-0000-000000000002', 'bbbbbbbb-0000-0000-0000-000000000002', '本申込'),
('dddddddd-0000-0000-0000-000000000003', 'bbbbbbbb-0000-0000-0000-000000000003', '仮申込'),
('dddddddd-0000-0000-0000-000000000004', 'bbbbbbbb-0000-0000-0000-000000000004', '受講中'),
('dddddddd-0000-0000-0000-000000000005', 'bbbbbbbb-0000-0000-0000-000000000005', '本申込'),
('dddddddd-0000-0000-0000-000000000006', 'bbbbbbbb-0000-0000-0000-000000000006', '仮申込'),
('dddddddd-0000-0000-0000-000000000007', 'bbbbbbbb-0000-0000-0000-000000000007', '受講中'),
('dddddddd-0000-0000-0000-000000000008', 'bbbbbbbb-0000-0000-0000-000000000008', '本申込'),
('dddddddd-0000-0000-0000-000000000009', 'bbbbbbbb-0000-0000-0000-000000000009', '受講終了');

INSERT INTO course_master (id, name) VALUES
('cccccccc-0000-0000-0000-000000000001', 'Javaコース'),
('cccccccc-0000-0000-0000-000000000002', 'AWSコース'),
('cccccccc-0000-0000-0000-000000000003', 'WordPressコース');
